{
  "anlp": {
    "node_significance": {
      "llama3b": {
        "edc": {
          "mean": 0.9048551292090838,
          "std": 0.9097659901165958
        },
        "kg_gen": {
          "mean": 0.9851337958374629,
          "std": 0.9193315357820654
        },
        "main_method": {
          "mean": 1.697211155378486,
          "std": 0.6020815414086697
        }
      },
      "llama8b": {
        "edc": {
          "mean": 0.8975409836065574,
          "std": 0.9239430546449642
        },
        "kg_gen": {
          "mean": 1.0804289544235925,
          "std": 0.9139771548515837
        },
        "main_method": {
          "mean": 1.7106109324758842,
          "std": 0.5496417538994623
        }
      },
      "qwen14b": {
        "edc": {
          "mean": 1.054862842892768,
          "std": 0.9258036993279956
        },
        "kg_gen": {
          "mean": 1.067870485678705,
          "std": 0.9281813512643997
        },
        "main_method": {
          "mean": 1.9119496855345912,
          "std": 0.3435597555659789
        },
        "no_clustering": {
          "mean": 1.9109589041095891,
          "std": 0.3686560723506271
        },
        "no_roles": {
          "mean": 1.9074074074074074,
          "std": 0.3479313745936284
        },
        "no_roles_temporal": {
          "mean": 1.8881987577639752,
          "std": 0.38599373759725086
        }
      }
    },
    "triplet_accuracy": {
      "llama3b": {
        "edc": {
          "mean": 0.13679941002949852,
          "std": 0.3593706698490217
        },
        "kg_gen": {
          "mean": 0.6276463262764632,
          "std": 0.7744891471475845
        },
        "main_method": {
          "mean": 0.6474486414844268,
          "std": 0.679357021311606
        }
      },
      "llama8b": {
        "edc": {
          "mean": 0.17328292375551355,
          "std": 0.38509337812046707
        },
        "kg_gen": {
          "mean": 0.7021593447505584,
          "std": 0.7712556306945524
        },
        "main_method": {
          "mean": 0.7463917525773196,
          "std": 0.7104611331998746
        }
      },
      "qwen14b": {
        "edc": {
          "mean": 0.23607577042691547,
          "std": 0.44163981440721867
        },
        "kg_gen": {
          "mean": 0.8244147157190636,
          "std": 0.8071208431428478
        },
        "main_method": {
          "mean": 1.002,
          "std": 0.7028484900744968
        },
        "no_clustering": {
          "mean": 1.0238095238095237,
          "std": 0.7257024121013415
        },
        "no_roles": {
          "mean": 1.003883495145631,
          "std": 0.6854836475706865
        },
        "no_roles_temporal": {
          "mean": 1.0454545454545454,
          "std": 0.6652803288224252
        }
      }
    }
  },
  "algo": {
    "node_significance": {
      "llama3b": {
        "edc": {
          "mean": 0.8748221906116643,
          "std": 0.8836948431334721
        },
        "kg_gen": {
          "mean": 0.8650602409638555,
          "std": 0.8278923355500959
        },
        "main_method": {
          "mean": 1.8584905660377358,
          "std": 0.374636408521977
        }
      },
      "llama8b": {
        "edc": {
          "mean": 1.0384615384615385,
          "std": 0.8896971412224862
        },
        "kg_gen": {
          "mean": 1.0879828326180256,
          "std": 0.820071052954634
        },
        "main_method": {
          "mean": 1.8724832214765101,
          "std": 0.353099233233984
        }
      },
      "qwen14b": {
        "edc": {
          "mean": 1.0636889991728702,
          "std": 0.8827432742449653
        },
        "kg_gen": {
          "mean": 1.0044776119402985,
          "std": 0.8507999459369032
        },
        "main_method": {
          "mean": 1.9705882352941178,
          "std": 0.1689577248981773
        },
        "no_clustering": {
          "mean": 1.9242424242424243,
          "std": 0.3167355297025284
        },
        "no_roles": {
          "mean": 1.8590604026845639,
          "std": 0.3667402977802483
        },
        "no_roles_temporal": {
          "mean": 1.9558823529411764,
          "std": 0.20535647123189615
        }
      }
    },
    "triplet_accuracy": {
      "llama3b": {
        "edc": {
          "mean": 0.3546284224250326,
          "std": 0.653484361773599
        },
        "kg_gen": {
          "mean": 0.4515235457063712,
          "std": 0.7166435733462297
        },
        "main_method": {
          "mean": 0.5338078291814946,
          "std": 0.6325366252537938
        }
      },
      "llama8b": {
        "edc": {
          "mean": 0.13511326860841424,
          "std": 0.36028135820929597
        },
        "kg_gen": {
          "mean": 0.6481994459833795,
          "std": 0.7740982237056816
        },
        "main_method": {
          "mean": 0.5101449275362319,
          "std": 0.6613143684903986
        }
      },
      "qwen14b": {
        "edc": {
          "mean": 0.23448275862068965,
          "std": 0.4678776138322873
        },
        "kg_gen": {
          "mean": 0.7699115044247787,
          "std": 0.8120644461709335
        },
        "main_method": {
          "mean": 0.808695652173913,
          "std": 0.7006703064829374
        },
        "no_clustering": {
          "mean": 0.7733990147783252,
          "std": 0.7143027006643398
        },
        "no_roles": {
          "mean": 0.5119687347337567,
          "std": 0.6569521363295461
        },
        "no_roles_temporal": {
          "mean": 0.7942857142857143,
          "std": 0.7074876504294645
        }
      }
    }
  },
  "sql": {
    "node_significance": {
      "llama3b": {
        "edc": {
          "mean": 0.970703125,
          "std": 0.9380837212718459
        },
        "kg_gen": {
          "mean": 1.0427350427350428,
          "std": 0.9403263274854746
        },
        "main_method": {
          "mean": 1.7439024390243902,
          "std": 0.5803904406971119
        }
      },
      "llama8b": {
        "edc": {
          "mean": 0.9554176072234764,
          "std": 0.9470990491495164
        },
        "kg_gen": {
          "mean": 1.077656675749319,
          "std": 0.9414563255502879
        },
        "main_method": {
          "mean": 1.7402597402597402,
          "std": 0.5114091575973112
        }
      },
      "qwen14b": {
        "edc": {
          "mean": 1.065929203539823,
          "std": 0.9419375034866098
        },
        "kg_gen": {
          "mean": 1.142483660130719,
          "std": 0.9256471193723285
        },
        "main_method": {
          "mean": 1.8888888888888888,
          "std": 0.4088294271145777
        },
        "no_clustering": {
          "mean": 1.8818181818181818,
          "std": 0.3749380114054779
        },
        "no_roles": {
          "mean": 1.8782608695652174,
          "std": 0.42009990710195355
        },
        "no_roles_temporal": {
          "mean": 1.9304347826086956,
          "std": 0.28656099223102754
        }
      }
    },
    "triplet_accuracy": {
      "llama3b": {
        "edc": {
          "mean": 0.14551907719609583,
          "std": 0.38853908266430837
        },
        "kg_gen": {
          "mean": 0.5912162162162162,
          "std": 0.7917163235871366
        },
        "main_method": {
          "mean": 0.6190954773869347,
          "std": 0.6789270177321579
        }
      },
      "llama8b": {
        "edc": {
          "mean": 0.13567593948267448,
          "std": 0.36049562489776854
        },
        "kg_gen": {
          "mean": 0.7398255813953488,
          "std": 0.7704845755795877
        },
        "main_method": {
          "mean": 0.7180341524364848,
          "std": 0.6915052848799264
        }
      },
      "qwen14b": {
        "edc": {
          "mean": 0.1519230769230769,
          "std": 0.37080493763587874
        },
        "kg_gen": {
          "mean": 0.777972027972028,
          "std": 0.7696180684245515
        },